[{
    "id" : "1" ,
    "nom" : "article 1",
    "date" : "11/02/2000",
    "desc" : "article article article article article aticle article",
    "imgArt" :"./articles/01.JPG" ,
    "imgs": [] ,
    "place": "rabat" ,
    "prix" : "20000" ,
    "categorie" : "bijouterie "
    

},{
    "id" : "2" ,
    "nom" : "article x",
    "date" : "5/02/2001",
    "desc" : "article article article article article aticle article 777",
    "imgArt" :"./articles/02.JPG" ,
    "imgs": [] ,
    "place": "tokyo" ,
    "prix" : "30000" ,
    "categorie" : "maroquinerie"
    

},{
    "id" : "3" ,
    "nom" : "article x",
    "date" : "5/02/2003",
    "desc" : "article article article article article aticle article 10",
    "imgArt" :"./articles/03.JPG" ,
    "imgs": [] ,
    "place": "tokyo" ,
    "prix" : "30000" ,
    "categorie" : "maroquinerie"
    

},{
    "id" : "4" ,
    "nom" : "article x",
    "date" : "5/04/2004",
    "desc" : "article article article article article aticle article 100",
    "imgArt" :"./articles/04.JPG" ,
    "imgs": [] ,
    "place": "tokyo" ,
    "prix" : "30000" ,
    "categorie" : "maroquinerie"
    

},{
    "id" : "5" ,
    "nom" : "article x",
    "date" : "6/07/2008",
    "desc" : "article article article article article aticle article 8",
    "imgArt" :"./articles/05.JPG" ,
    "imgs": [] ,
    "place": "tokyo" ,
    "prix" : "30000" ,
    "categorie" : "maroquinerie"
    

},{
    "id" : "6" ,
    "nom" : "article x",
    "date" : "5/10/2010",
    "desc" : "article article article article article aticle article 60",
    "imgArt" :"./articles/06.JPG" ,
    "imgs": [] ,
    "place": "tokyo" ,
    "prix" : "30000" ,
    "categorie" : "maroquinerie"
    

},{
    "id" : "7" ,
    "nom" : "article x",
    "date" : "01/02/2001",
    "desc" : "article article article article article aticle article 1",
    "imgArt" :"./articles/07.JPG" ,
    "imgs": [] ,
    "place": "tokyo" ,
    "prix" : "30000" ,
    "categorie" : "maroquinerie"
    

},{
    "id" : "7" ,
    "nom" : "article x",
    "date" : "01/02/2001",
    "desc" : "article article article article article aticle article 2",
    "imgArt" :"./articles/08.JPG" ,
    "imgs": [] ,
    "place": "tokyo" ,
    "prix" : "30000" ,
    "categorie" : "maroquinerie"
    

},{
    "id" : "7" ,
    "nom" : "article x",
    "date" : "01/02/2001",
    "desc" : "article article article article article aticle article 44",
    "imgArt" :"./articles/09.JPG" ,
    "imgs": [] ,
    "place": "tokyo" ,
    "prix" : "30000" ,
    "categorie" : "maroquinerie"
    

}

]